{"cameraMode":{"drawMode":0,"name":"Shaded","section":"Shading Mode"},"sceneLighting":false,"audioPlay":false,"sceneViewState":{"showFog":true,"showMaterialUpdate":false,"showSkybox":false,"showFlares":true,"showImageEffects":true,"showParticleSystems":true},"in2DMode":false,"pivot":{"x":-111.6904296875,"y":0.2760009765625,"z":15.038818359375},"rotation":{"x":-0.25990721583366396,"y":0.47570931911468508,"z":-0.14948154985904694,"w":-0.8269670009613037},"size":1.4418907165527344,"orthographic":true}