{"cameraMode":{"drawMode":0,"name":"Shaded","section":"Shading Mode"},"sceneLighting":false,"audioPlay":false,"sceneViewState":{"showFog":true,"showMaterialUpdate":false,"showSkybox":false,"showFlares":true,"showImageEffects":true,"showParticleSystems":true},"in2DMode":false,"pivot":{"x":0.11885952949523926,"y":0.014376997947692871,"z":-0.5280157327651978},"rotation":{"x":0.17946574091911317,"y":0.7715176939964294,"z":-0.2483283281326294,"w":0.5575727224349976},"size":3.1088998317718508,"orthographic":false}